{
  "project_info": {
    "project_number": "232213931164",
    "project_id": "snakeinfo-67eda",
    "storage_bucket": "snakeinfo-67eda.appspot.com"
  },
  "client": [
    {
      "client_info": {
        "mobilesdk_app_id": "1:232213931164:android:3b3753d265c3d7d01cb959",
        "android_client_info": {
          "package_name": "org.tensorflow.lite.examples.classification"
        }
      },
      "oauth_client": [
        {
          "client_id": "232213931164-kjnai3lvd037vdeki74dqaorqi67pdrg.apps.googleusercontent.com",
          "client_type": 1,
          "android_info": {
            "package_name": "org.tensorflow.lite.examples.classification",
            "certificate_hash": "4678d887e4219282a9d36fcaec6ff69d8584c29c"
          }
        },
        {
          "client_id": "232213931164-qv1qvkaa4b3lobah690djrqifpfke81m.apps.googleusercontent.com",
          "client_type": 3
        }
      ],
      "api_key": [
        {
          "current_key": "AIzaSyBYZbdgTiw1W5iMB8gK3CDn2QO9jGCwDV0"
        }
      ],
      "services": {
        "appinvite_service": {
          "other_platform_oauth_client": [
            {
              "client_id": "232213931164-qv1qvkaa4b3lobah690djrqifpfke81m.apps.googleusercontent.com",
              "client_type": 3
            }
          ]
        }
      }
    }
  ],
  "configuration_version": "1"
}